,ID_user,gender,geo,class,num_orders,rapida,mercados,vegetariana,oriental,licores,tecnologia
0,1,M,d2g6g7,1,1896,0.11170201953415737,0.6503048265948964,0.5021061076089847,0.4987882258406433,0.23003980260499737,0.10396029540802766
1,2,F,d2g6g0,1,1554,0.10599225077390478,0.6185117418578494,0.5447196685342448,0.5058111207817988,0.20795947936652204,0.10196722859261725
2,3,M,d2g6du,0,1736,0.8158657277522832,0.3759491317703093,0.37707136798454904,0.11222362142397292,0.16945766835019913,0.09763455063885644
3,4,F,d2g6fc,1,1896,0.1062733105530708,0.6146322393842548,0.5072633276914617,0.5434181653023001,0.22898063820197728,0.07669207978056655
4,5,M,d2g6dg,0,1954,0.8070502061497346,0.3846409233743193,0.3915982527376791,0.09640870689227125,0.17393323408399453,0.08845747333414579
5,6,M,d2g6du,0,1527,0.7733261480871769,0.4169122260946175,0.407705962426913,0.11179034453641162,0.19859225911762535,0.09995371982079157
6,7,F,d2g6fb,1,1594,0.10365954565604821,0.6232694200838341,0.4973033899195224,0.5366677743458698,0.23881059885317435,0.09185023032814398
7,8,M,d2g6fg,1,1593,0.1204337081974275,0.628637487843715,0.4896755168466833,0.5399665158741805,0.2130750221954487,0.11646336616894089
8,9,F,d2g6dg,0,1641,0.7908806286041353,0.3984225187839837,0.41273710029718075,0.08827325266471496,0.16461768740176572,0.10258783417791198
9,10,M,d2g6g7,1,1949,0.12193436037371158,0.6355693651337709,0.5060815488077056,0.5201093955763626,0.2017851804414519,0.1176180998295094
10,11,F,d2g6ff,1,1683,0.09941299777289281,0.5842047770357651,0.5707042464740143,0.5240660499879658,0.2037352793864223,0.08345782529082359
11,12,M,d2g6ej,0,1722,0.7953802315323576,0.38849496858083366,0.39883950916434696,0.10344540583513322,0.18964991069774423,0.10344540583513322
12,13,M,d2g6dd,0,1985,0.7972109661865632,0.37783447777080287,0.41047462899184084,0.09989864464620704,0.18693904790230823,0.0909967852222876
13,14,F,d2g6fe,1,1720,0.0790831512801687,0.63974728349032,0.5370572213802501,0.5075485828428737,0.171150103516783,0.09560798886109947
14,15,M,d2g6ff,1,1788,0.08947814086518747,0.6619088112719638,0.49901270867123787,0.5070427982360624,0.195016460860024,0.09865538608212979
15,16,F,d2g6g3,1,1504,0.10087576193723163,0.599650362626877,0.5057798619352865,0.5520145861565176,0.24098098685005337,0.10788102318287272
16,17,M,d2g6f9,1,1788,0.10933323127984604,0.6060863907904509,0.5217096579549175,0.5252748720183907,0.2400577469405315,0.12240568284591459
17,18,M,d2g6g3,1,1636,0.10077021418734465,0.610919423510777,0.5290436244835595,0.5441591566116611,0.17382861947316952,0.10202984186468646
18,19,F,d2g6g5,1,1565,0.09527169002619613,0.6060338059999699,0.5531050893187498,0.5173782055589262,0.20112912338863628,0.09791812586025714
19,20,M,d2g6g7,1,1806,0.10641080161874089,0.6280550573801772,0.5147044208732575,0.5251141732055257,0.20241185090521366,0.11219399735888985
20,21,F,d2g6df,0,1896,0.8089256685730128,0.38714326707524543,0.38612446900399483,0.08048504762880103,0.17930846054011368,0.08965423027005684
21,22,M,d2g6g6,1,1602,0.08837007831313036,0.6467665151903018,0.527659018333474,0.4956408740171224,0.2049161236246501,0.08837007831313036
22,23,M,d2g6dt,0,1516,0.8074737743627813,0.36246027251747853,0.39857731034840166,0.09416227720204957,0.2012234964865717,0.09158248878555507
23,24,M,d2g6g3,1,1989,0.1076675116994311,0.626144072892808,0.5195218768409443,0.5278844020214826,0.1902474478572472,0.1076675116994311
24,25,F,d2g6fb,1,1543,0.09689092801322738,0.632482446753012,0.49791171340130735,0.5342458114062676,0.21935029536327863,0.09554522067971033
25,26,M,d2g6dt,0,1794,0.7982123955526244,0.40841320101663775,0.3689953049399649,0.08540544149945775,0.20913383751790296,0.0941649739609406
26,27,F,d2g6df,0,1833,0.788663825942901,0.40140269210059376,0.39270019471087897,0.11313246606629201,0.20124525213715405,0.09681528346057681
27,28,F,d2g6fe,1,1629,0.09114632393605311,0.6418220310497073,0.5228254414665269,0.5089003086429632,0.1886222537009988,0.10886922025695232
28,29,F,d2g6g3,1,1817,0.11683688907408536,0.6269860780015274,0.5321284056839531,0.5055219853997555,0.20012655257244324,0.12030729171985027
29,30,F,d2g6g0,1,1774,0.12547420530165335,0.648478836745928,0.5183140069470166,0.5007241650822988,0.18293435539306468,0.10436639506399203
30,31,M,d2g6fe,1,1569,0.08527812135868826,0.637617953543423,0.539220121206475,0.49592507497821786,0.19679566467389598,0.10364571672825189
31,32,M,d2g6dw,0,1920,0.8108892018374215,0.39627625567180524,0.35552805457444736,0.09575827257879098,0.20170359543192143,0.09575827257879098
32,33,F,d2g6fd,1,1562,0.11601093132276231,0.624058802977618,0.5213824614620697,0.5253828384042339,0.20001884710821088,0.09600904661194123
33,34,M,d2g6dc,0,1856,0.7645661777342307,0.4193133595835881,0.4084221034905079,0.09148655118187377,0.22980550356399243,0.10782343532149408
34,35,F,d2g6f8,1,1539,0.10660523663706516,0.6464650888375875,0.5275592479731687,0.47425662965463605,0.23234474651668047,0.11617237325834023
35,36,F,d2g6de,0,1857,0.7835988171783788,0.3950108791513958,0.409997741775026,0.08778019536697686,0.20874558654342057,0.10276705799060705
36,37,F,d2g6g3,1,1628,0.09948353625817866,0.6227410970966508,0.5335935126575038,0.4974176812908933,0.24160287376986248,0.10852749409983127
37,38,M,d2g6fb,1,1855,0.11008616491158339,0.6447903944821313,0.5032510395958097,0.5167309781564118,0.1999524219822637,0.10896283669819988
38,39,F,d2g6g7,1,1539,0.1019798608844408,0.6417932578327474,0.5071798414652856,0.5085395729437449,0.22299596246731054,0.11013824975519607
39,40,F,d2g6ff,1,1962,0.09639116635237516,0.6323684210150327,0.5243255752134692,0.512673895764281,0.20231552498135885,0.11016133297414304
40,41,M,d2g6dc,0,1584,0.7672849910718742,0.4230230166008843,0.40904928331977397,0.09273477541100467,0.21087633860584623,0.10924918747049865
41,42,F,d2g6df,0,1906,0.7925507361406009,0.3921258877763706,0.4024995885111952,0.10269963727476374,0.18983872344729052,0.09751278690735142
42,43,F,d2g6dc,0,1872,0.8109154539238095,0.36686787811155397,0.37215415877598557,0.10572561328863227,0.2156802511088098,0.1078401255544049
43,44,F,d2g6dt,0,1942,0.7805653057639977,0.4311499463774961,0.3821091941828994,0.09195141036486884,0.20331478514009887,0.09501645737703113
44,45,M,d2g6fb,1,1593,0.1174953749345522,0.629253007982824,0.5013135997207561,0.5391732205330007,0.19843663322279928,0.09399629994764176
45,46,F,d2g6f9,1,1676,0.10049442161160771,0.6401866858220935,0.5061941236732832,0.5173601705190174,0.2146362338124461,0.10049442161160771
46,47,M,d2g6df,0,1935,0.782088170398738,0.41477499274444946,0.39310764237720214,0.10111430171382102,0.20222860342764204,0.1031778588916541
47,48,M,d2g6e1,0,1775,0.7755862379404695,0.41658125443964084,0.40529178954967765,0.12757095325658377,0.19192090312937382,0.08692887965271638
48,49,F,d2g6de,0,1861,0.7861765016860626,0.39470147211872086,0.4000788763710195,0.09894423824229516,0.2086432849891876,0.11292548929827165
49,50,M,d2g6g1,1,1622,0.10117914538487094,0.6304239058595805,0.4942212101491773,0.526650423413559,0.24257051521757522,0.10896215656832256
50,51,F,d2g6f8,1,1988,0.1266407562987301,0.586378627904204,0.5480671386037479,0.527847185917396,0.22561210365824183,0.10109976343175932
51,52,F,d2g6dg,0,1809,0.8083848714234021,0.379134683632539,0.36606107385210657,0.10349941076175632,0.22334083374905314,0.09042580098132395
52,53,M,d2g6g0,1,1704,0.10767363992087856,0.6313590704451515,0.5310268150643329,0.5065555332641332,0.19699381849160735,0.1113443321909085
53,54,M,d2g6dv,0,1516,0.8043085293532214,0.3873549877365114,0.39250256232437203,0.08107429975880472,0.1711568550463655,0.11453353457989872
54,55,M,d2g6dg,0,1596,0.7838323589096812,0.4020301453762558,0.39444467093519436,0.12263183679715979,0.2010150726881279,0.11378211661592146
55,56,M,d2g6g3,1,1649,0.09950924447508609,0.6197284592625615,0.5013250544441046,0.5491902606473106,0.20783576377707855,0.09950924447508609
56,57,F,d2g6dv,0,1903,0.7917134870452875,0.417733037243632,0.3729387215292275,0.10313109897037298,0.1979283717613219,0.09896418588066094
57,58,F,d2g6dv,0,1547,0.7951055322364324,0.38869012483532606,0.3962866745063747,0.08482813799337734,0.215235574013047,0.07849767993417008
58,59,M,d2g6dc,0,1901,0.7919814162458547,0.39704108135402266,0.3907388419674509,0.13024628065581698,0.19011755482824896,0.09663433726076742
59,60,M,d2g6f8,1,1638,0.08906155158720958,0.6221585532306497,0.5267354622443537,0.5165569992058155,0.22138157108820664,0.10814616978446877
60,61,M,d2g6dd,0,1828,0.7899468001544174,0.3960705484107565,0.38619621340882626,0.11739487168961481,0.2139439250418214,0.10203479501994558
61,62,M,d2g6e1,0,1925,0.815146934679571,0.39589950750315406,0.3492036681566282,0.10354294811620952,0.1898287382130508,0.10049756728926218
62,63,M,d2g6fc,1,1845,0.11363337455564242,0.6199206869322671,0.5389147169520071,0.5152879757077646,0.19576442745229486,0.09225679914418494
63,64,M,d2g6d9,0,1808,0.7632747926707721,0.43093453461383213,0.4143175217109851,0.08751626795499419,0.204943159135113,0.1019176791374616
64,65,M,d2g6fg,1,1517,0.11002094219304831,0.6954410173190214,0.46996599998511995,0.48083226588072964,0.2064590520165845,0.09779639306048739
65,66,F,d2g6fb,1,1536,0.13128162930948892,0.6331603580238893,0.5278615511819034,0.5032462456863741,0.19418741002028567,0.11076887472988127
66,67,M,d2g6dt,0,1986,0.8175727308268321,0.3706460107456572,0.36966805293366334,0.09388394995140656,0.20243726708272042,0.08801620307944366
67,68,M,d2g6e5,0,1899,0.8061856291831832,0.3829639800601292,0.3798672362860581,0.08670882567399152,0.20335284116400393,0.10116029661965678
68,69,M,d2g6dw,0,1815,0.7917050695824719,0.402950580242665,0.38438646136969673,0.08626855240967625,0.21075734955781666,0.1059246782751721
69,70,M,d2g6g0,1,1562,0.1132624879590016,0.6054149653999014,0.5312550030457932,0.5312550030457932,0.2036028057358243,0.12135266567035885
70,71,F,d2g6eh,0,1810,0.7836320008671038,0.42271979765084616,0.37526039478143003,0.11588923956485339,0.21301545939063526,0.08719285643450873
71,72,M,d2g6eh,0,1567,0.7984644053851886,0.3733735608120313,0.4061698870995746,0.11226434767659049,0.1904709719007322,0.09586618453281885
72,73,M,d2g6g6,1,1719,0.11570943764668017,0.6520708934047289,0.5134606295571432,0.5062287897042257,0.1651270099749498,0.11932535757313892
73,74,F,d2g6fc,1,1843,0.09511267318071648,0.5955865011078199,0.5435009896040941,0.5321780523206755,0.21626810211329578,0.10417102300745137
74,75,F,d2g6g6,1,1653,0.09568336192944756,0.6244598357500788,0.5048556333382693,0.53884840665531,0.21025159792391765,0.10701428636846108
75,76,F,d2g6d9,0,1581,0.798756032505652,0.40561829775677644,0.37691300283860457,0.10109256036399658,0.18346427621614195,0.10733284186794699
76,77,F,d2g6dg,0,1977,0.8055713119472284,0.41364507316898125,0.3573735477020793,0.09674753501327008,0.18461009232123984,0.09378587577816998
77,78,M,d2g6e5,0,1897,0.7839406460137102,0.4008431532213911,0.41336950175955955,0.09081602690172141,0.18580750331616566,0.10543010019625129
78,79,F,d2g6fc,1,1979,0.09939898012808163,0.6539406587373792,0.5210599168819438,0.49071707031652934,0.19461274004024404,0.1109083357218595
79,80,M,d2g6g0,1,1974,0.11873363786396601,0.6127503811193961,0.5374817356877747,0.522640030954779,0.1897617962290171,0.11131278549746813
80,81,M,d2g6dc,0,1580,0.7966181856917721,0.37904609459592903,0.4063871243700616,0.08450863748368254,0.20008662698342483,0.09693637829010644
81,82,M,d2g6ds,0,1969,0.7939401780382512,0.3849102382134813,0.40300001442194777,0.10652868211652486,0.1979825507259943,0.09245885617660647
82,83,F,d2g6e1,0,1619,0.8016611034410296,0.3930416172326722,0.3978348076867292,0.10185529714871079,0.16776166589199423,0.0778893448784259
83,84,M,d2g6g0,1,1516,0.13783141718736486,0.6265064417607494,0.5234809380045373,0.5095585726320762,0.21022771712416258,0.10302550375621213
84,85,M,d2g6e5,0,1512,0.767032278981837,0.4307079001561789,0.408109028851688,0.11299435652245433,0.19275507877359857,0.09837155744307789
85,86,M,d2g6ds,0,1796,0.7773995807588632,0.3798405358978491,0.44628494450971773,0.11184808782997889,0.17054064877046285,0.1029888333483964
86,87,M,d2g6g1,1,1515,0.11019879628480445,0.6267556538698252,0.5193118274921409,0.5179343425385808,0.2203975925696089,0.09229149188852372
87,88,M,d2g6dt,0,1627,0.8060223325445824,0.40899056043063386,0.3599595283322245,0.09208267003847605,0.19492824956196877,0.0837115182167964
88,89,F,d2g6g4,1,1520,0.09540238407150531,0.602397910851505,0.5587853924188169,0.5165357651871502,0.19625633294709666,0.10221684007661283
89,90,F,d2g6f9,1,1750,0.11654054871285104,0.6623784248271227,0.5089730086642882,0.4863784124852661,0.20335136561119926,0.1034594667144698
90,91,M,d2g6dw,0,1610,0.8094778257878911,0.3871941767595294,0.3775143223405411,0.09316859878276175,0.1863371975655235,0.09437858058513528
91,92,F,d2g6du,0,1637,0.81407761735921,0.37445200449128146,0.38630175146885365,0.0959829505183348,0.16945138177928243,0.09953787461160646
92,93,M,d2g6g1,1,1907,0.10091475132825953,0.6131668042662726,0.5254148465895251,0.5298024444733624,0.21170159789515314,0.11078684656689361
93,94,F,d2g6fg,1,1626,0.09960264397254254,0.632093702133443,0.5452606279009701,0.489074521044664,0.2094209437371407,0.10087960094654949
94,95,F,d2g6dv,0,1945,0.8047735820342311,0.38924350387334045,0.37508919464158264,0.09705812044633944,0.20321543968452319,0.09705812044633944
95,96,F,d2g6e1,0,1847,0.7920841993233736,0.41289495496643946,0.3981487065747809,0.08005106269757499,0.1685285530475263,0.0937440076326865
96,97,F,d2g6fe,1,1546,0.10151885371485567,0.6518579028006521,0.5089300429652632,0.5009153966193536,0.21906700012153063,0.08281801224106647
97,98,M,d2g6dv,0,1918,0.7928950504417727,0.40321995337840477,0.3802978888452655,0.11356841064146285,0.19692137258015116,0.11148458659299564
98,99,M,d2g6dc,0,1999,0.7887598612710249,0.3843956285941071,0.40835795349348,0.11781476408858348,0.20068447103224812,0.09584929959749164
99,100,F,d2g6dv,0,1710,0.7787470057841448,0.37290453298122944,0.43054592766917976,0.09999017445868928,0.21409660884095824,0.11528278937590059
100,101,F,d2g6g6,1,1696,0.08023700869688274,0.6321703715511974,0.5373448158185178,0.5057362972409579,0.18843539921237615,0.11792408853935799
101,102,F,d2g6f9,1,1580,0.12222946824693136,0.6098330458771629,0.5125751894226154,0.5520040501474319,0.19714430362408283,0.0828006075221148
102,103,F,d2g6g1,1,1971,0.0994109164654624,0.60492600232175,0.5361844111488239,0.5319541593843361,0.2062247735187784,0.10575629411219406
103,104,F,d2g6dc,0,1927,0.8311769589321888,0.3430096301813459,0.37283655454494113,0.0874923114665462,0.19188654673912972,0.08948077309078588
104,105,M,d2g6eh,0,1594,0.7700492600913413,0.41464190927995304,0.41968314829855424,0.10712632914527662,0.18904646319754698,0.10838663889992693
105,106,M,d2g6g5,1,1949,0.09709427118225045,0.6192456850956861,0.516757287736644,0.5253878896195108,0.22115917324845935,0.12298607683085057
106,107,F,d2g6g7,1,1748,0.09813096118468907,0.6313485936460719,0.5308530309870529,0.5107539184552491,0.19980882458087293,0.09576635971035921
107,108,M,d2g6dt,0,1981,0.8277580212583979,0.3499784507933369,0.35882622061676395,0.10715632341706102,0.2064479625466313,0.09732546805769762
108,109,F,d2g6dc,0,1658,0.8139105607832605,0.38398674792379583,0.3639628991056838,0.09187412987133765,0.1967048678014537,0.10247499101033815
109,110,F,d2g6g5,1,1937,0.09116570779014702,0.6127183616593602,0.5077717910637258,0.5597150431767166,0.19293207927682277,0.08904557505084128
110,111,F,d2g6g1,1,1666,0.08931517767255873,0.6363706409169809,0.5408530203504945,0.49247396577785857,0.2021996383420427,0.10544152919677073
111,112,F,d2g6g1,1,1723,0.09895770595073958,0.6359842809273142,0.5189245555953417,0.5128905491349308,0.20394941836189012,0.1086121162873971
112,113,M,d2g6e5,0,1588,0.8019496214819845,0.3897674402544427,0.37357901621831574,0.08467791034281823,0.21169477585704558,0.11580949502767787
113,114,M,d2g6g0,1,1909,0.10271116485232717,0.6804614671466676,0.5071363764583654,0.47931876931086015,0.1701153667866669,0.10271116485232717
114,115,F,d2g6g1,1,1784,0.1002362319664514,0.6212315306757976,0.5035122349942674,0.5466371254914617,0.2004724639329028,0.10722945745248288
115,116,F,d2g6df,0,1601,0.7898126726084331,0.389954532714195,0.40728584527927036,0.0916083664153982,0.1955962418058502,0.10770172808296816
116,117,F,d2g6dt,0,1586,0.7773197887956845,0.3918094883556854,0.4283447782666657,0.10078700665098017,0.1927551502199996,0.10708619456666643
117,118,F,d2g6e1,0,1506,0.8113765324293823,0.35643537766466477,0.3992076229844245,0.09202513386978618,0.19053091096983898,0.10239416303821279
118,119,M,d2g6ds,0,1621,0.7914424493083677,0.4042707572856014,0.39572122465418386,0.1001516679680342,0.17587609984630395,0.11236528601291641
119,120,M,d2g6fb,1,1767,0.10392029750126348,0.615255397706344,0.5196014875063174,0.5337724371655805,0.2137451573605533,0.10037756008644767
120,121,M,d2g6de,0,1636,0.8018749603766947,0.3925596820948595,0.38777236889858074,0.09694309222464519,0.1855083863558025,0.0933526073274361
121,122,M,d2g6g5,1,1820,0.11789833288220511,0.6373513836998415,0.4984414667396196,0.5147838099114104,0.21711970213950643,0.13890991696022184
122,123,F,d2g6g0,1,1697,0.10200941133170842,0.6317209328252786,0.5346276377023272,0.5039019113975958,0.18558338688057796,0.12781902142768284
123,124,F,d2g6dc,0,1605,0.7955037977805651,0.3866346097908647,0.39528139020152303,0.1099376366497986,0.20134645813390079,0.09387933017286172
124,125,F,d2g6du,0,1556,0.8025280066462359,0.4120065041994849,0.3652450297964759,0.10868883239618313,0.17314383765438476,0.10489736149864186
125,126,F,d2g6e1,0,1906,0.7864038237231666,0.3842774358914272,0.40737607957889005,0.10604377329244304,0.21523736163317644,0.10184401989472251
126,127,F,d2g6fd,1,1715,0.11637517503566834,0.637000958089974,0.5341008033215937,0.4863257314648456,0.2156003242766066,0.11147516766574546
127,128,M,d2g6g0,1,1897,0.10083168167891667,0.6280060174132527,0.527174335734336,0.5151183737944656,0.20275935989782157,0.10521566783886957
128,129,M,d2g6e1,0,1856,0.7837392524135725,0.42515170404900643,0.3822070874783997,0.11058238766931228,0.19217715915346503,0.09877261811239543
129,130,M,d2g6g0,1,1789,0.10000439455683642,0.5895607911664659,0.5337443849021851,0.5500241700626003,0.21628857427408807,0.09070166017945629
130,131,M,d2g6ds,0,1955,0.8144215562443549,0.36738576314690335,0.38729827063454036,0.09956253743818519,0.17921256738873334,0.09856691206380334
131,132,M,d2g6g5,1,1993,0.09179282904210677,0.6126397803484429,0.5744787165893649,0.4816545074456614,0.22071534174169494,0.07425936731496278
132,133,M,d2g6dd,0,1953,0.789632465141517,0.3751006972695298,0.4266644049804355,0.10413846851418213,0.18401166281146747,0.09503899068284583
133,134,F,d2g6fc,1,1872,0.11674638855177082,0.6342472070360626,0.5130105727707621,0.5107654499139973,0.2211446013913351,0.1055207742679467
134,135,F,d2g6g1,1,1950,0.10382523114095984,0.6121362586019091,0.5321043095974192,0.5137185915828743,0.23360677006715966,0.11355884656042484
135,136,F,d2g6g7,1,1657,0.11179758315911822,0.6142441925294082,0.5165819359766153,0.5127268469021629,0.2595759976797917,0.11436764254208646
136,137,M,d2g6g3,1,1964,0.1021326299343057,0.6372650555275949,0.5191742021660539,0.5085353865478971,0.20213749674498002,0.12021861648517233
137,138,F,d2g6e1,0,1565,0.7932033203856765,0.37499195434899774,0.4042286151965467,0.11186200672105695,0.21482589927112072,0.0902523008772164
138,139,M,d2g6fc,1,1888,0.11798099663573805,0.6177306899324021,0.5220102586996335,0.5231232869697819,0.21926656921924903,0.10128557258351097
139,140,M,d2g6dt,0,1777,0.794418882617942,0.38892273530113436,0.40770593558556417,0.08728663661587958,0.18230753217240672,0.1027551544971747
140,141,M,d2g6fe,1,1830,0.10235325110935266,0.6152567650017754,0.5310996474229743,0.525413355694677,0.20698101891002427,0.10007873441803371
141,142,F,d2g6f9,1,1652,0.08127870661267912,0.651480094541628,0.5339385803632921,0.4751678232741241,0.21507596211355093,0.10878842269697052
142,143,M,d2g6g7,1,1587,0.11494766296938885,0.6426619338743104,0.5133458130337479,0.512039589590914,0.19985218675359653,0.09012941755554353
143,144,F,d2g6dd,0,1602,0.7569786299054752,0.4163382464480113,0.42390803274706607,0.10471537713692405,0.2371866373703822,0.08200601823975981
144,145,F,d2g6g6,1,1691,0.09377307898427009,0.6502422713777676,0.5108165092037871,0.4935425209698426,0.2270295596461276,0.11104706721821457
145,146,F,d2g6g0,1,1983,0.08480732461790491,0.5833089156646143,0.5450421960199499,0.557453024012814,0.19236783388939407,0.08791003161612095
146,147,M,d2g6fe,1,1776,0.1032003544063382,0.6481909900353151,0.5044062265927766,0.5206399902072567,0.18436917247873902,0.09856213623077242
147,148,M,d2g6dv,0,1617,0.7927832641608428,0.3872300381186243,0.4031101343190726,0.092837485479544,0.20277661302110925,0.09650212306426284
148,149,F,d2g6fd,1,1679,0.10465236300890159,0.6005052258367924,0.5157866462581578,0.5544083516543001,0.2080588645534115,0.10838994740207665
149,150,F,d2g6fc,1,1988,0.10629400290804746,0.6125060365592437,0.5230506875772236,0.5346272621513674,0.20416867885308124,0.11155608225993098
150,151,F,d2g6dc,0,1670,0.8010605939425492,0.39402241917705894,0.36562440698411774,0.09939304267529415,0.22718409754352947,0.0887437881029412
151,152,M,d2g6g1,1,1686,0.09829330193885089,0.6266197998601744,0.5307838304697947,0.5123538363562602,0.21255926544276504,0.09092130429343706
152,153,M,d2g6dd,0,1746,0.7863269563683255,0.39088426961497924,0.40911793816844766,0.11168121988999406,0.20284956265733614,0.08888913419815854
153,154,M,d2g6g5,1,1524,0.10646105761212671,0.636036574964757,0.5295755173526303,0.5036426956265995,0.1951786056222323,0.10919082832012995
154,155,M,d2g6g1,1,1914,0.0908937618320223,0.6514052931294932,0.5291315420935584,0.48368466117754727,0.20018268974909675,0.11578133947650461
155,156,F,d2g6df,0,1565,0.7981309418042327,0.3646092685479305,0.4209921451275074,0.08144193283716661,0.182931110680405,0.11276575315915376
156,157,F,d2g6d9,0,1557,0.8009418765466595,0.3991914784066418,0.365925521872755,0.1292254465354834,0.19575735960325705,0.10107732946834841
157,158,M,d2g6ds,0,1621,0.7999576575062387,0.3779616455190027,0.38897023713606105,0.10274685509254443,0.21283277126312775,0.1003005013998648
158,159,F,d2g6g6,1,1557,0.10104412833160187,0.6143483002561394,0.522734957235487,0.5267767223687511,0.2222970823295241,0.11047491364255138
159,160,M,d2g6dt,0,1813,0.8318053862804469,0.3645108953891385,0.34861652495065865,0.10066434611037256,0.19073244526175853,0.08476997567189268
160,161,F,d2g6fd,1,1818,0.1116501003192533,0.5977932454593354,0.5431312171780344,0.5233598452464999,0.21399602561190217,0.12444334098083441
161,162,F,d2g6dv,0,1950,0.7905433904660507,0.4029024229402266,0.3927281193306249,0.10377789681793716,0.19432919894339212,0.09970817537409649
162,163,F,d2g6dt,0,1711,0.7953170166284175,0.393021091307629,0.37910884028788994,0.08811092312501417,0.22607407907076005,0.10202317414475326
163,164,M,d2g6dt,0,1889,0.7901995150952903,0.4321566700785339,0.3674375552358549,0.09394710219098563,0.18580649099994936,0.10229795571907326
164,165,M,d2g6df,0,1699,0.7634355079957739,0.43202164405962395,0.40716560426441273,0.09587329635295765,0.21423539061586833,0.09824053823821587
165,166,M,d2g6fe,1,1939,0.10092304803795046,0.6280849266191598,0.5239409302395727,0.5142780852146625,0.21580353888966003,0.09877574914352599
166,167,M,d2g6g4,1,1539,0.10065028038101363,0.6093422379823528,0.5467758474752362,0.5127723743735424,0.208101255382366,0.11561180854575889
167,168,F,d2g6fd,1,1746,0.09406480334132282,0.6549261932639602,0.4773788769572133,0.5349935690037736,0.19871189705854447,0.09288899329955629
168,169,M,d2g6ds,0,1540,0.7997349523936718,0.38603558236612767,0.40615470066533954,0.08550625277165043,0.18232950958660754,0.07670413851574524
169,170,M,d2g6fg,1,1511,0.11288269478596903,0.6173707875331392,0.4961264116519133,0.546296498223455,0.22158454902430957,0.11148908127009287
170,171,F,d2g6dv,0,1551,0.7820422456430313,0.40131115236945025,0.4038836597564339,0.10418654917283805,0.21223185942615158,0.09132401223791978
171,172,F,d2g6g5,1,1514,0.09451678318122597,0.6305619677947504,0.5427963834121834,0.5090403894188884,0.17823164828459753,0.08911582414229877
172,173,F,d2g6fb,1,1738,0.09588652907160161,0.6439786643821146,0.5125786060247346,0.5137623903342605,0.20479468554798863,0.08641625459539405
173,174,M,d2g6dv,0,1993,0.8012742938801694,0.372732072028835,0.3896744389392366,0.10763386037196304,0.21227789128914934,0.10265081128066846
174,175,F,d2g6dt,0,1597,0.8108972516981844,0.38614154842770687,0.3801080867335239,0.08688184839623404,0.18945069719734367,0.07360823266903162
175,176,M,d2g6eh,0,1784,0.7958818939456487,0.37472772506607627,0.41231103672462077,0.10059062826257503,0.19123273285082948,0.09727445370446818
176,177,F,d2g6fd,1,1602,0.11367703639240316,0.595824466608458,0.49260049103374703,0.5788382427797081,0.2090612163538449,0.10322397557471093
177,178,F,d2g6f8,1,1532,0.11526265544166404,0.6620901370718841,0.5186819494874882,0.4905364173447563,0.17289398316249607,0.09381844047577306
178,179,F,d2g6dg,0,1896,0.7857761844537479,0.4064001165627188,0.40120318412585537,0.09458417035091408,0.20268036503767306,0.08003275952769653
179,180,F,d2g6dt,0,1616,0.7996373528232944,0.43020003480158997,0.3451322313097502,0.08992882083423068,0.19201018502443848,0.10694238153259863
180,181,F,d2g6dv,0,1790,0.819999059966343,0.36986730085783465,0.367697991175384,0.10846548412253215,0.1919839068968819,0.08351842277434976
181,182,F,d2g6ff,1,1534,0.10205563102871934,0.6579902526851642,0.5089353178932188,0.5008782943909514,0.19336856405441558,0.09668428202720779
182,183,M,d2g6g4,1,1993,0.09117574754194034,0.6607680580286688,0.510174407594228,0.5030032813830642,0.18030260188069103,0.09629798054991452
183,184,M,d2g6df,0,1870,0.8063417000387926,0.3673802262578833,0.39369686137664284,0.09684521723703514,0.19790109609307183,0.10631920587978858
184,185,M,d2g6dc,0,1830,0.7957108848644291,0.39462958749357496,0.39785544243221455,0.09354979322054774,0.18279844652290939,0.10322735803646647
185,186,M,d2g6fc,1,1696,0.09999481826591397,0.618486468533616,0.5135536345508668,0.5370092092058343,0.19875513260261912,0.12591940077929906
186,187,M,d2g6fe,1,1642,0.11253399357190041,0.6240521461714478,0.5179121295070417,0.5217485156515383,0.21228003332881215,0.11125519819040156
187,188,F,d2g6fb,1,1882,0.10046206471742575,0.6182280905687738,0.53874162178136,0.5089341959860798,0.22631564029749754,0.08500636245320639
188,189,F,d2g6f8,1,1919,0.08720356286718382,0.6373396199675657,0.5070725692647357,0.5210682028113206,0.22177696235357863,0.09150991165074847
189,190,M,d2g6fc,1,1769,0.10587495294355675,0.5917233481178783,0.5634900273329299,0.5187872694234281,0.20822074078899497,0.09293468091712204
190,191,F,d2g6g3,1,1942,0.11379361264745858,0.617736754371918,0.5288693616377123,0.5136968799513844,0.22541972791115603,0.1051236231124141
191,192,F,d2g6dg,0,1587,0.7913421225310822,0.39129555189925547,0.3925456974324799,0.10751251585730343,0.2200256138475047,0.08125945965958979
192,193,F,d2g6g3,1,1737,0.11344571512993193,0.6221601850809951,0.5564810868478766,0.4896078231923378,0.2089789489235588,0.08359157956942352
193,194,F,d2g6dd,0,1740,0.7816645635675605,0.41301926721255383,0.4039169142161339,0.09216132408875168,0.19456279529847578,0.09443691233785666
194,195,M,d2g6g4,1,1956,0.10248308969814182,0.604110844536415,0.5544874537352095,0.49947021610778597,0.23193541352737362,0.1175858608115522
195,196,M,d2g6e5,0,1979,0.8141163801263773,0.357344916548821,0.38983081805325925,0.10139538954415582,0.1998375153151809,0.08564464942079181
196,197,M,d2g6g5,1,1990,0.12449292576806942,0.6371108554012964,0.5188948838736339,0.5147102477133626,0.1841239910519346,0.1025235859266454
197,198,F,d2g6fe,1,1929,0.10897042019650788,0.593888790070968,0.5513903261943298,0.5165197917314474,0.23537610762445701,0.09589396977292694
198,199,M,d2g6e5,0,1524,0.8178252654916008,0.33832273813493907,0.4057329077633292,0.10302308943206792,0.1818802689973545,0.09157607949517148
199,200,M,d2g6e1,0,1564,0.7919005828174743,0.3985048094178258,0.3895639963860156,0.10728975638172232,0.191588850681647,0.11878508742262114
